filename,recommend_1_brand,recommend_1_product,recommend_1_hex,recommend_1_deltaE,recommend_2_brand,recommend_2_product,recommend_2_hex,recommend_2_deltaE,recommend_3_brand,recommend_3_product,recommend_3_hex,recommend_3_deltaE
black (1).jpg,Make Up For Ever,Ultra HD,8e5642,4.8695071619210095,Maybelline,Fit Me,84583f,5.54184987165838,Make Up For Ever,Ultra HD,784a42,6.167017107159668
black (10).jpg,Maybelline,Fit Me,5c4433,8.835298523536146,Maybelline,Fit Me,5e4638,9.92786482583239,Maybelline,Fit Me,3f2018,11.205467415507485
black (100).jpg,Maybelline,Fit Me,643c27,5.299896225399134,MAC,Studio Fix,724a32,5.365528864893004,L'Oréal,True Match,693720,5.9790383842219965
black (101).jpg,Maybelline,Fit Me,5e4638,5.82068724464732,Maybelline,Fit Me,5c4433,6.157954205740735,Maybelline,Fit Me,6b5041,8.984453238789772
black (102).jpg,Make Up For Ever,Ultra HD,644136,1.878323720768068,Maybelline,Fit Me,5c4433,5.341170283748684,Maybelline,Fit Me,5e4638,5.630994583552714
black (103).jpg,Maybelline,Fit Me,5e4638,2.8329489935401235,Maybelline,Fit Me,5c4433,3.7875585804050598,Maybelline,Fit Me,6b5041,5.267409230352245
black (104).jpg,Maybelline,Fit Me,5e4638,1.9413654988177769,Maybelline,Fit Me,5c4433,2.53552755851716,Maybelline,Fit Me,6b5041,2.851122585929972
black (105).jpg,Make Up For Ever,Ultra HD,644136,5.634616224730837,Maybelline,Fit Me,5e3a23,6.838779130809826,Maybelline,Fit Me,643c27,7.147649963449524
black (106).jpg,Maybelline,Fit Me,5e4638,4.569857765839107,Maybelline,Fit Me,6b5041,5.1345496394523265,Maybelline,Fit Me,5c4433,5.723949685313454
black (107).jpg,Maybelline,Fit Me,5c4433,7.704550603377203,Maybelline,Fit Me,5e4638,7.898107368224366,Make Up For Ever,Ultra HD,644136,10.505241548865024
black (108).jpg,Make Up For Ever,Ultra HD,644136,4.540660744869629,Make Up For Ever,Ultra HD,784a42,8.075741452027797,Maybelline,Fit Me,5c4433,9.880161941992652
black (109).jpg,Maybelline,Fit Me,735642,2.243301138946798,Maybelline,Fit Me,6b5041,3.9940455680925826,Maybelline,Fit Me,7d5c4d,5.206956884784048
black (11).jpg,Maybelline,Fit Me,5e4638,5.137791354268875,Maybelline,Fit Me,5c4433,6.0940052510643605,Maybelline,Fit Me,6b5041,7.101894113544639
black (110).jpg,MAC,Studio Fix,724a32,4.490089085975912,Maybelline,Fit Me,7d5631,5.42778960535502,Maybelline,Fit Me,7f5c3b,5.707968114837365
black (111).jpg,Maybelline,Fit Me,5e3a23,6.068286413807443,Make Up For Ever,Ultra HD,644136,7.040177554579145,Maybelline,Fit Me,643c27,7.279017790883602
black (112).jpg,Maybelline,Fit Me,5e4638,5.137791354268875,Maybelline,Fit Me,5c4433,6.0940052510643605,Maybelline,Fit Me,6b5041,7.101894113544639
black (113).jpg,Maybelline,Fit Me,84583f,3.1625306322627136,Make Up For Ever,Ultra HD,8e5642,3.60577314871582,Make Up For Ever,Ultra HD,9c624a,5.865287716727969
black (114).jpg,Make Up For Ever,Ultra HD,644136,4.470525696156997,Maybelline,Fit Me,5c4433,7.140420155705125,Maybelline,Fit Me,5e4638,7.162792751434317
black (115).jpg,MAC,Studio Fix,724a32,1.4966963619919713,Maybelline,Fit Me,643c27,5.033895112137318,Maybelline,Fit Me,5e3a23,6.661839085417778
black (116).jpg,Maybelline,Fit Me,643c27,4.847937705870403,L'Oréal,True Match,693720,5.440817953212548,MAC,Studio Fix,724a32,5.6570752160458335
black (117).jpg,Maybelline,Fit Me,5e3a23,5.546972147036615,Make Up For Ever,Ultra HD,644136,5.634616224730837,Maybelline,Fit Me,5c4433,6.224861444241148
black (118).jpg,Make Up For Ever,Ultra HD,644136,4.7244153077391475,MAC,Studio Fix,724a32,5.1225091507970975,Maybelline,Fit Me,6b5041,5.21728856782908
black (119).jpg,Make Up For Ever,Ultra HD,d19578,1.6448708155961689,Make Up For Ever,Ultra HD,d69b81,3.368323024889387,Make Up For Ever,Ultra HD,d59682,5.101529182509887
black (12).jpg,Make Up For Ever,Ultra HD,784a42,4.190763653560053,Maybelline,Fit Me,6b5041,5.153882032022076,Maybelline,Fit Me,7d5c4d,5.706356105256663
black (120).jpg,Make Up For Ever,Ultra HD,644136,6.5848386464665944,Maybelline,Fit Me,5e3a23,7.162408812683063,Maybelline,Fit Me,643c27,7.767889031133234
black (121).jpg,Maybelline,Fit Me,3f2018,8.973382862666677,Make Up For Ever,Ultra HD,644136,12.716980773752862,Maybelline,Fit Me,5c4433,12.912071870927608
black (122).jpg,Maybelline,Fit Me,5c4433,4.936891734684893,Maybelline,Fit Me,5e4638,5.816605539315865,Make Up For Ever,Ultra HD,644136,8.448248339152915
black (123).jpg,Maybelline,Fit Me,5c4433,2.0339370688396436,Maybelline,Fit Me,5e4638,3.065436347406352,Maybelline,Fit Me,6b5041,5.606861867390705
black (124).jpg,Maybelline,Fit Me,735642,1.9551214796017162,Maybelline,Fit Me,6b5041,4.441002139157332,Maybelline,Fit Me,7d5c4d,5.377964298877412
black (125).jpg,Maybelline,Fit Me,643c27,4.760840261970568,MAC,Studio Fix,724a32,5.750269558898958,Make Up For Ever,Ultra HD,784a42,6.304411154104721
black (13).jpg,Maybelline,Fit Me,5c4433,4.936891734684893,Maybelline,Fit Me,5e4638,5.816605539315865,Make Up For Ever,Ultra HD,644136,8.448248339152915
black (14).jpg,Maybelline,Fit Me,735642,1.9551214796017162,Maybelline,Fit Me,6b5041,4.441002139157332,Maybelline,Fit Me,7d5c4d,5.377964298877412
black (15).jpg,Maybelline,Fit Me,bd9584,4.901275344234396,Maybelline,Fit Me,b2856f,4.921635906891123,Maybelline,Fit Me,c7967d,5.506586964717799
black (16).jpg,Make Up For Ever,Ultra HD,784a42,3.5920050111323647,Make Up For Ever,Ultra HD,644136,5.234739726099091,Maybelline,Fit Me,643c27,9.300672018730689
black (17).jpg,Maybelline,Fit Me,5c4433,4.540660744869629,Maybelline,Fit Me,5e4638,4.705061104810437,Make Up For Ever,Ultra HD,644136,5.255244999046192
black (18).jpg,Maybelline,Fit Me,5e3a23,5.546972147036615,Make Up For Ever,Ultra HD,644136,5.634616224730837,Maybelline,Fit Me,5c4433,6.224861444241148
black (19).jpg,L'Oréal,True Match,b07555,4.66528670072912,Make Up For Ever,Ultra HD,b68069,5.117118329685176,MAC,Studio Fix,b9855a,5.609358252064134
black (2).jpg,Maybelline,Fit Me,5e4638,0.629999999999999,Maybelline,Fit Me,5c4433,1.0662551289442883,Maybelline,Fit Me,6b5041,4.736760496373021
black (20).jpg,L'Oréal,Infalliable,e5ad8b,1.6164467204334296,Make Up For Ever,Ultra HD,d9a586,2.827171731607405,Make Up For Ever,Ultra HD,e7b391,4.437668306667362
black (21).jpg,Make Up For Ever,Ultra HD,644136,4.530298003443042,Maybelline,Fit Me,5e3a23,6.154965475126566,Maybelline,Fit Me,5c4433,6.443880818264721
black (22).jpg,Make Up For Ever,Ultra HD,644136,5.05208867697312,Maybelline,Fit Me,5e3a23,7.673565012430663,Maybelline,Fit Me,643c27,7.851343834019754
black (23).jpg,Maybelline,Fit Me,5e4638,3.462383572049752,Maybelline,Fit Me,5c4433,4.143440599308743,Maybelline,Fit Me,6b5041,6.5013921586072625
black (24).jpg,L'Oréal,Infalliable,754728,3.3170016581243993,L'Oréal,True Match,693720,4.754208661806923,Maybelline,Fit Me,643c27,5.148057886232436
black (25).jpg,Make Up For Ever,Ultra HD,644136,2.361694307060082,Make Up For Ever,Ultra HD,784a42,4.793495592988481,Maybelline,Fit Me,5e4638,8.065829157625394
black (26).jpg,MAC,Studio Fix,724a32,3.2366803981857704,Make Up For Ever,Ultra HD,784a42,5.839186587188322,Maybelline,Fit Me,643c27,6.432425669994172
black (27).jpg,Maybelline,Fit Me,5c4433,6.017840144104861,Maybelline,Fit Me,5e4638,6.5157041062344145,Make Up For Ever,Ultra HD,644136,7.430639272633278
black (28).jpg,Make Up For Ever,Ultra HD,644136,4.470525696156997,Maybelline,Fit Me,5c4433,7.140420155705125,Maybelline,Fit Me,5e4638,7.162792751434317
black (29).jpg,L'Oréal,True Match,693720,2.814320521902223,Maybelline,Fit Me,643c27,5.192340512716784,Maybelline,Fit Me,5e3a23,6.773507215615851
black (3).jpg,Make Up For Ever,Ultra HD,644136,2.1279332696304176,Maybelline,Fit Me,643c27,7.024820282398689,Maybelline,Fit Me,5c4433,7.178307599984832
black (30).jpg,Make Up For Ever,Ultra HD,644136,2.370000000000001,Maybelline,Fit Me,5c4433,6.528162069066607,Maybelline,Fit Me,5e4638,6.881634980148251
black (31).jpg,MAC,Studio Fix,724a32,1.4966963619919713,Maybelline,Fit Me,643c27,5.033895112137318,Maybelline,Fit Me,5e3a23,6.661839085417778
black (32).jpg,L'Oréal,True Match,693720,3.074556878641214,Maybelline,Fit Me,5e3a23,5.656226657410397,Maybelline,Fit Me,643c27,5.82347834202206
black (33).jpg,Maybelline,Fit Me,643c27,4.847937705870403,L'Oréal,True Match,693720,5.440817953212548,MAC,Studio Fix,724a32,5.6570752160458335
black (34).jpg,MAC,Studio Fix,724a32,3.2000156249618534,Maybelline,Fit Me,643c27,5.416650256385396,Make Up For Ever,Ultra HD,784a42,6.018313717313181
black (35).jpg,Make Up For Ever,Ultra HD,644136,4.41906098622773,Maybelline,Fit Me,5e4638,6.9071050375682,Maybelline,Fit Me,5c4433,7.24762719791795
black (36).jpg,Make Up For Ever,Ultra HD,784a42,4.183790147701005,Make Up For Ever,Ultra HD,644136,4.4050085130451215,Maybelline,Fit Me,6b5041,5.1482132822951305
black (37).jpg,Maybelline,Fit Me,5e3a23,5.26962047969301,Make Up For Ever,Ultra HD,644136,5.361800070871721,Maybelline,Fit Me,643c27,6.00740376535488
black (38).jpg,Make Up For Ever,Ultra HD,b68069,3.215726978460703,Make Up For Ever,Ultra HD,b17862,4.496765504226343,Maybelline,Fit Me,b2856f,5.138180611850853
black (39).jpg,Maybelline,Fit Me,643c27,3.4462878579712406,Maybelline,Fit Me,5e3a23,4.5118621432840795,MAC,Studio Fix,724a32,4.709235606762523
black (4).jpg,Maybelline,Fit Me,5c4433,7.704550603377203,Maybelline,Fit Me,5e4638,7.898107368224366,Make Up For Ever,Ultra HD,644136,10.505241548865024
black (40).jpg,Maybelline,Fit Me,5e4638,9.662137444685829,Maybelline,Fit Me,5c4433,10.325545990406512,Make Up For Ever,Ultra HD,644136,10.56488996629875
black (41).jpg,Maybelline,Fit Me,643c27,1.0198039027185568,Maybelline,Fit Me,5e3a23,2.6153393661244038,MAC,Studio Fix,724a32,5.003998401278722
black (42).jpg,Make Up For Ever,Ultra HD,644136,4.859722214283447,Maybelline,Fit Me,5e4638,5.418200808386489,Maybelline,Fit Me,5c4433,5.533254015495765
black (43).jpg,MAC,Studio Fix,724a32,4.802343178074636,Make Up For Ever,Ultra HD,784a42,5.25,Maybelline,Fit Me,84583f,6.523994175349944
black (44).jpg,Make Up For Ever,Ultra HD,644136,2.154065922853802,Maybelline,Fit Me,643c27,6.086049621881176,Maybelline,Fit Me,5c4433,6.135144660071187
black (45).jpg,Make Up For Ever,Ultra HD,d19578,1.238103388251565,Make Up For Ever,Ultra HD,d69b81,2.9073871431235334,Make Up For Ever,Ultra HD,d59682,3.9991124015211192
black (46).jpg,Maybelline,Fit Me,b2856f,4.663946826455035,Maybelline,Fit Me,bd9584,4.857200839990045,Maybelline,Fit Me,c7967d,6.944955003453946
black (47).jpg,Maybelline,Fit Me,bd9584,4.959072493924645,Maybelline,Fit Me,b2856f,6.225142568648528,Maybelline,Fit Me,c09578,7.719611389182748
black (48).jpg,Make Up For Ever,Ultra HD,8e5642,4.204949464619046,Maybelline,Fit Me,84583f,8.287436274264799,Make Up For Ever,Ultra HD,784a42,8.316345351174396
black (49).jpg,Maybelline,Fit Me,6b5041,1.6551737068960464,Maybelline,Fit Me,735642,4.645384806450377,Maybelline,Fit Me,5e4638,4.961814184348301
black (5).jpg,Maybelline,Fit Me,5c4433,8.41166452017673,Maybelline,Fit Me,5e4638,8.725600265884292,Maybelline,Fit Me,3f2018,10.442992866032226
black (50).jpg,Maybelline,Fit Me,643c27,5.802206476849991,L'Oréal,True Match,693720,5.914862635767628,MAC,Studio Fix,724a32,6.932935886044239
black (51).jpg,Make Up For Ever,Ultra HD,c7977b,2.3342878999814913,L'Oréal,Infalliable,cf9c7d,2.7256008511885947,Make Up For Ever,Ultra HD,d19578,3.1794496379090513
black (52).jpg,Make Up For Ever,Ultra HD,b68069,2.161573500947863,Make Up For Ever,Ultra HD,be8470,3.793731672113883,Make Up For Ever,Ultra HD,b17862,3.9940455680925826
black (53).jpg,Maybelline,Fit Me,5e4638,5.26962047969301,Maybelline,Fit Me,6b5041,6.010732068558705,Maybelline,Fit Me,5c4433,6.513747001534523
black (54).jpg,Make Up For Ever,Ultra HD,644136,3.276339420756034,Make Up For Ever,Ultra HD,784a42,4.53148982123981,Maybelline,Fit Me,6b5041,5.434556099627642
black (55).jpg,Maybelline,Fit Me,e1bba7,5.287352834831435,L'Oréal,Infalliable,deb09e,6.410623994588982,MAC,Studio Fix,dcbca2,6.73320874472194
black (56).jpg,L'Oréal,Infalliable,d1a396,3.5288666735936656,L'Oréal,Infalliable,deb09e,5.844048254420901,Make Up For Ever,Ultra HD,dca795,6.126410041778138
black (57).jpg,Make Up For Ever,Ultra HD,784a42,4.643543905251677,MAC,Studio Fix,724a32,5.006246098625197,Maybelline,Fit Me,84583f,6.968679932383177
black (58).jpg,Maybelline,Fit Me,bd9584,3.0109134826494133,L'Oréal,Infalliable,d1a396,4.470525696156994,Make Up For Ever,Ultra HD,c99980,6.760591690081572
black (59).jpg,Make Up For Ever,Ultra HD,644136,5.634616224730837,Maybelline,Fit Me,5c4433,6.062087099341281,Maybelline,Fit Me,5e4638,6.434974747425198
black (6).jpg,Make Up For Ever,Ultra HD,644136,3.0000666659259427,Maybelline,Fit Me,5c4433,3.16234090508914,Maybelline,Fit Me,5e4638,3.1686590223626143
black (60).jpg,L'Oréal,Infalliable,d1a396,6.413805422680049,Maybelline,Fit Me,bd9584,8.976463668951157,L'Oréal,Infalliable,deb09e,9.297144722978123
black (61).jpg,Make Up For Ever,Ultra HD,996754,3.6056067450569262,Make Up For Ever,Ultra HD,9c624a,6.330908307660127,Make Up For Ever,Ultra HD,895852,7.889258520292008
black (62).jpg,Maybelline,Fit Me,bd9584,1.2149485585818014,Maybelline,Fit Me,c7967d,5.277887835109798,Make Up For Ever,Ultra HD,c99980,5.677684387142349
black (63).jpg,Make Up For Ever,Ultra HD,895852,4.474326765000518,Maybelline,Fit Me,7d5c4d,5.12831356295615,Make Up For Ever,Ultra HD,784a42,7.481951617058213
black (64).jpg,MAC,Studio Fix,724a32,3.2846460996582274,Maybelline,Fit Me,643c27,4.011097106777644,L'Oréal,Infalliable,754728,4.334616476690874
black (65).jpg,Maybelline,Fit Me,bd9584,9.848857801796104,Maybelline,Fit Me,b2856f,10.816653826391969,Make Up For Ever,Ultra HD,be8470,11.180339887498949
black (66).jpg,Make Up For Ever,Ultra HD,644136,2.1279332696304176,Maybelline,Fit Me,643c27,7.024820282398689,Maybelline,Fit Me,5c4433,7.178307599984832
black (67).jpg,Make Up For Ever,Ultra HD,644136,2.9287540012776767,Make Up For Ever,Ultra HD,784a42,5.096822539582871,Maybelline,Fit Me,5e4638,8.249703024957928
black (68).jpg,MAC,Studio Fix,724a32,0.28999999999999915,Maybelline,Fit Me,643c27,5.383688326788614,L'Oréal,Infalliable,754728,6.331200518069223
black (69).jpg,Maybelline,Fit Me Matte,efb793,1.151043005278253,Maybelline,Fit Me,f0b996,2.307574484171636,Make Up For Ever,Ultra HD,e7b391,3.4705763210164418
black (7).jpg,MAC,Studio Fix,724a32,4.243819034784589,Make Up For Ever,Ultra HD,784a42,5.216320542297991,Maybelline,Fit Me,643c27,6.083584469702052
black (70).jpg,Maybelline,Fit Me,6b5041,3.769615364994153,Make Up For Ever,Ultra HD,644136,4.81767578817836,Maybelline,Fit Me,5e4638,5.33010318849457
black (71).jpg,Maybelline,Fit Me,bd9584,3.668732751237135,Maybelline,Fit Me,c7967d,4.022387350815433,Maybelline,Fit Me,b2856f,4.374882855574536
black (72).jpg,Make Up For Ever,Ultra HD,644136,3.0947697814215522,Maybelline,Fit Me,643c27,5.394219127918332,MAC,Studio Fix,724a32,5.9579862369763825
black (73).jpg,Make Up For Ever,Ultra HD,be8470,3.939860403618383,Maybelline,Fit Me,c7967d,4.280478945164897,Make Up For Ever,Ultra HD,b68069,4.463462781294363
black (74).jpg,Maybelline,Fit Me,5e4638,3.0095846889562683,Maybelline,Fit Me,5c4433,4.071559897631374,Maybelline,Fit Me,6b5041,5.289385597590706
black (75).jpg,Maybelline,Fit Me,5e3a23,8.822698000045111,Maybelline,Fit Me,643c27,9.488940931421167,MAC,Studio Fix,724a32,9.8
black (76).jpg,Maybelline,Fit Me,6b5041,1.9293781381574726,Maybelline,Fit Me,735642,2.4129857024027315,Maybelline,Fit Me,7d5c4d,4.787744771810629
black (77).jpg,Make Up For Ever,Ultra HD,c99980,1.6448708155961689,Maybelline,Fit Me,c7967d,2.3206895526976488,Make Up For Ever,Ultra HD,c7977b,2.895790047638125
black (78).jpg,Make Up For Ever,Ultra HD,dca795,3.752385907659283,Make Up For Ever,Ultra HD,d79e89,4.237971212738473,Make Up For Ever,Ultra HD,d4a689,4.247399204218976
black (79).jpg,Make Up For Ever,Ultra HD,c99980,2.000899797591074,Maybelline,Fit Me,c7967d,2.2635370551417986,Make Up For Ever,Ultra HD,d79e89,3.2624530647964862
black (8).jpg,MAC,Studio Fix,724a32,4.490089085975912,Maybelline,Fit Me,7d5631,5.42778960535502,Maybelline,Fit Me,7f5c3b,5.707968114837365
black (80).jpg,Maybelline,Fit Me,7d5c4d,5.448522735567872,Maybelline,Fit Me,735642,8.614313669701145,Maybelline,Fit Me,6b5041,8.92896410565078
black (81).jpg,Maybelline,Fit Me,5e4638,4.04930858295586,Maybelline,Fit Me,5c4433,5.013671309529575,Maybelline,Fit Me,6b5041,6.199749994959474
black (82).jpg,Make Up For Ever,Ultra HD,644136,3.7099326139432764,MAC,Studio Fix,724a32,5.4994181510410725,Maybelline,Fit Me,5c4433,5.723949685313454
black (83).jpg,Make Up For Ever,Ultra HD,644136,3.823205461389697,Maybelline,Fit Me,5e4638,7.507123283921746,Maybelline,Fit Me,5c4433,7.590579688008025
black (84).jpg,Make Up For Ever,Ultra HD,644136,3.52886667359366,Maybelline,Fit Me,6b5041,3.892672603751825,Maybelline,Fit Me,5e4638,4.471342080404941
black (85).jpg,MAC,Studio Fix,724a32,1.0049875621120892,Maybelline,Fit Me,643c27,5.099999999999999,Maybelline,Fit Me,5e3a23,6.972087205421342
black (86).jpg,MAC,Studio Fix,724a32,3.6386948209488525,L'Oréal,Infalliable,754728,4.152119940464148,Maybelline,Fit Me,643c27,5.323542053933639
black (87).jpg,Make Up For Ever,Ultra HD,644136,3.4298104903915596,Maybelline,Fit Me,5e4638,4.569857765839107,Maybelline,Fit Me,6b5041,4.7290168111352715
black (88).jpg,Maybelline,Fit Me,84583f,3.5134171400504104,Make Up For Ever,Ultra HD,8e5642,4.831573242744024,Make Up For Ever,Ultra HD,996754,4.837778415760688
black (89).jpg,Make Up For Ever,Ultra HD,644136,5.061314058621536,Make Up For Ever,Ultra HD,784a42,8.620725027513638,Maybelline,Fit Me,5e4638,9.558080351200235
black (9).jpg,L'Oréal,Infalliable,754728,3.1755471969410247,MAC,Studio Fix,724a32,4.252540417209459,Maybelline,Fit Me,643c27,6.401882535629656
black (90).jpg,Maybelline,Fit Me,5c4433,6.047941798661757,MAC,Studio Fix,724a32,6.89185025954569,Maybelline,Fit Me,5e4638,7.004113077328206
black (91).jpg,Make Up For Ever,Ultra HD,784a42,4.496676550520395,Make Up For Ever,Ultra HD,644136,4.7244153077391475,MAC,Studio Fix,724a32,5.1225091507970975
black (92).jpg,Make Up For Ever,Ultra HD,644136,4.404826897847404,MAC,Studio Fix,724a32,4.796092159247986,Maybelline,Fit Me,643c27,5.148057886232436
black (93).jpg,Make Up For Ever,Ultra HD,644136,5.061383210151155,Maybelline,Fit Me,643c27,5.665474384374181,Maybelline,Fit Me,5e3a23,5.835888963988263
black (94).jpg,Maybelline,Fit Me Matte,d69c74,7.116178749862878,NARS,Velvet Matte,dd9e6d,7.812809993849844,Make Up For Ever,Ultra HD,d19578,8.296987405076615
black (95).jpg,Make Up For Ever,Ultra HD,b68069,2.567508519946915,Maybelline,Fit Me,b2856f,2.893458138629277,Make Up For Ever,Ultra HD,be8470,4.141509386685004
black (96).jpg,Maybelline,Fit Me,5e4638,2.006389792637512,Maybelline,Fit Me,5c4433,3.2164576788759387,Maybelline,Fit Me,6b5041,4.443602142406544
black (97).jpg,MAC,Studio Fix,724a32,2.908539152220578,Maybelline,Fit Me,84583f,5.951436801311092,Make Up For Ever,Ultra HD,784a42,6.763105795416777
black (98).jpg,Make Up For Ever,Ultra HD,644136,3.927963849120813,Make Up For Ever,Ultra HD,784a42,5.012873427486476,MAC,Studio Fix,724a32,5.365528864893004
black (99).jpg,Make Up For Ever,Ultra HD,644136,2.53552755851716,Make Up For Ever,Ultra HD,784a42,4.016080178482498,Maybelline,Fit Me,6b5041,6.56725970249388
brown (1).jpg,Make Up For Ever,Ultra HD,d19578,2.0500000000000007,Maybelline,Fit Me Matte,d69c74,3.9246018906380797,Make Up For Ever,Ultra HD,d69b81,4.289813515760328
brown (10).jpg,Make Up For Ever,Ultra HD,d59682,5.314132102234568,Make Up For Ever,Ultra HD,d69b81,5.44426303552648,Make Up For Ever,Ultra HD,d19578,5.73061951275776
brown (100).jpg,Make Up For Ever,Ultra HD,d9a586,1.730000000000004,L'Oréal,Infalliable,e5ad8b,1.9007630046904822,Make Up For Ever,Ultra HD,e3b391,3.02537600968871
brown (101).jpg,Maybelline,Fit Me Matte,ebba8a,1.7123375835389474,Maybelline,Fit Me Matte,ebba8a,1.7123375835389474,NARS,Velvet Matte,ecb98c,2.6328881480230035
brown (102).jpg,L'Oréal,Infalliable,e5ad8b,2.059150310200786,Make Up For Ever,Ultra HD,d9a586,4.037338232053394,Make Up For Ever,Ultra HD,e7b391,4.711698207652945
brown (103).jpg,Maybelline,Fit Me,c09578,2.6462237244798508,Make Up For Ever,Ultra HD,c7977b,2.6650515942472874,L'Oréal,True Match,c29979,2.6650515942472874
brown (104).jpg,Make Up For Ever,Ultra HD,996754,3.8385413896426837,Maybelline,Fit Me,84583f,4.478213929682237,Make Up For Ever,Ultra HD,9c624a,4.610249450951651
brown (105).jpg,Maybelline,Fit Me,c1a07e,2.4577225229874897,L'Oréal,True Match,c29979,3.622209270597155,MAC,Studio Fix,d1a88a,4.108576395784801
brown (106).jpg,Make Up For Ever,Ultra HD,e3b391,1.4902684321960251,Maybelline,Fit Me Matte,e6b898,1.5300000000000011,Maybelline,Fit Me,e2b597,2.0690335908341364
brown (107).jpg,Make Up For Ever,Ultra HD,d79e89,3.696701232179845,Make Up For Ever,Ultra HD,d59682,5.00255934497533,Make Up For Ever,Ultra HD,c99980,5.070069033060595
brown (108).jpg,Maybelline,Fit Me,d09e7c,1.2560254774486097,L'Oréal,Infalliable,cf9c7d,1.2560254774486097,Make Up For Ever,Ultra HD,c7977b,3.8752548303305137
brown (109).jpg,Make Up For Ever,Ultra HD,d4a689,1.4344336861632878,Make Up For Ever,Ultra HD,daad90,3.0029319006597497,MAC,Studio Fix,d1a88a,3.0095846889562683
brown (11).jpg,Maybelline,Fit Me Matte,d69c74,2.2181974664127666,NARS,Velvet Matte,dfa575,3.3227097375485557,L'Oréal,Infalliable,daa271,3.605606745056926
brown (110).jpg,Maybelline,Fit Me,c7967d,2.8309715646752798,Make Up For Ever,Ultra HD,c7977b,3.002399040767233,Make Up For Ever,Ultra HD,d19578,3.0421045346930486
brown (111).jpg,MAC,Studio Fix,c5986d,2.4745908752761547,MAC,Studio Fix,c39368,2.871167010119754,Maybelline,Fit Me,d09e7c,3.7099326139432764
brown (112).jpg,Make Up For Ever,Ultra HD,d4a689,2.2417850030723283,Make Up For Ever,Ultra HD,daad90,2.895790047638125,MAC,Studio Fix,d1a88a,3.166322788346128
brown (113).jpg,MAC,Studio Fix,724a32,2.115679559857777,Maybelline,Fit Me,643c27,6.113599594347014,Maybelline,Fit Me,735642,6.704931021270839
brown (114).jpg,Maybelline,Fit Me,9d7359,3.6734724716540326,Maybelline,Fit Me,b2856f,5.080787340560518,Make Up For Ever,Ultra HD,b68069,7.003884636400004
brown (115).jpg,MAC,Studio Fix,dcbca2,6.8417030043696005,Make Up For Ever,Ultra HD,dcb59c,6.86504916224203,Maybelline,Fit Me,e1bba7,7.08158880478103
brown (116).jpg,L'Oréal,Infalliable,cf9c7d,1.5315351775261292,Make Up For Ever,Ultra HD,c7977b,2.3206895526976488,Maybelline,Fit Me,d09e7c,2.5190474390134043
brown (117).jpg,MAC,Studio Fix,d1a88a,3.2097507691408063,Make Up For Ever,Ultra HD,dcb59c,3.450000000000003,Make Up For Ever,Ultra HD,daad90,3.8861935103646097
brown (118).jpg,L'Oréal,Infalliable,d1a396,3.1887458349639592,Make Up For Ever,Ultra HD,dca795,3.975940140394468,Make Up For Ever,Ultra HD,d79e89,5.034689662729968
brown (119).jpg,MAC,Studio Fix,cba275,2.9867038688159253,MAC,Studio Fix,cfa67d,3.1623409050891396,MAC,Studio Fix,d0a97b,3.3227097375485557
brown (12).jpg,Maybelline,Fit Me,bd9584,6.794586080108191,L'Oréal,Infalliable,d1a396,8.13181406575433,Maybelline,Fit Me,b2856f,11.18956656890695
brown (120).jpg,L'Oréal,Infalliable,d1a396,3.823205461389699,Make Up For Ever,Ultra HD,dca795,6.0080695734986325,Make Up For Ever,Ultra HD,d79e89,6.154421175057815
brown (121).jpg,L'Oréal,Infalliable,e5ad8b,5.49239474182255,Maybelline,Fit Me Matte,efb793,5.875916949719423,L'Oréal,Infalliable,e7ad82,5.930126474199349
brown (122).jpg,Make Up For Ever,Ultra HD,c99980,2.465846710564139,L'Oréal,Infalliable,cf9c7d,3.1623409050891396,Make Up For Ever,Ultra HD,c7977b,3.1812576129574883
brown (123).jpg,Make Up For Ever,Ultra HD,d19578,1.3059862173851629,Make Up For Ever,Ultra HD,d69b81,2.5190474390134043,Make Up For Ever,Ultra HD,d59682,4.126208913760911
brown (124).jpg,Make Up For Ever,Ultra HD,c99980,2.8640006983239377,Make Up For Ever,Ultra HD,d79e89,2.915904662364664,Maybelline,Fit Me,c7967d,3.1784430150625647
brown (125).jpg,Maybelline,Fit Me,c7967d,3.1781913095344017,Make Up For Ever,Ultra HD,c99980,4.005109236962207,Maybelline,Fit Me,bd9584,4.490089085975912
brown (13).jpg,L'Oréal,Infalliable,deb09e,4.496765504226343,L'Oréal,Infalliable,d1a396,5.649858405305392,Make Up For Ever,Ultra HD,dca795,6.167730538861113
brown (14).jpg,MAC,Studio Fix,d1a88a,3.2097507691408063,Make Up For Ever,Ultra HD,dcb59c,3.450000000000003,Make Up For Ever,Ultra HD,daad90,3.8861935103646097
brown (15).jpg,L'Oréal,Infalliable,deb09e,1.447791421441639,Make Up For Ever,Ultra HD,dca795,3.903344719596258,L'Oréal,True Match,dcb29a,4.2539511045615
brown (16).jpg,Make Up For Ever,Ultra HD,d4a689,1.0127191120937724,MAC,Studio Fix,d1a88a,2.006389792637512,Make Up For Ever,Ultra HD,daad90,2.094182418033351
brown (17).jpg,Make Up For Ever,Ultra HD,d69b81,4.113441381617102,Make Up For Ever,Ultra HD,d19578,4.565128694790546,Make Up For Ever,Ultra HD,d59682,5.8206872446473215
brown (18).jpg,L'Oréal,Infalliable,e5ad8b,2.340106835168001,Make Up For Ever,Ultra HD,e7b391,4.326210813171268,Maybelline,Fit Me Matte,efb793,4.353860356051858
brown (19).jpg,Maybelline,Fit Me,84583f,2.567508519946915,MAC,Studio Fix,724a32,5.572441116781765,Make Up For Ever,Ultra HD,8e5642,6.2922253615076436
brown (2).jpg,L'Oréal,Infalliable,cf9c7d,2.8579888033370593,Maybelline,Fit Me Matte,d69c74,3.027887052054617,Maybelline,Fit Me,d09e7c,3.1887458349639592
brown (20).jpg,MAC,Studio Fix,c39368,4.707536510745296,MAC,Studio Fix,b9855a,5.045879507082983,Maybelline,Fit Me Matte,d69c74,5.5606564360693955
brown (21).jpg,Make Up For Ever,Ultra HD,d19578,4.694773689966322,Make Up For Ever,Ultra HD,c78569,4.72661612572885,Make Up For Ever,Ultra HD,c98567,5.228852646613787
brown (22).jpg,Maybelline,Fit Me,84583f,2.77706679790026,MAC,Studio Fix,724a32,5.025146764025902,Make Up For Ever,Ultra HD,8e5642,5.54184987165838
brown (23).jpg,L'Oréal,Infalliable,e5ad8b,1.6164467204334296,Make Up For Ever,Ultra HD,d9a586,1.9982242116439322,Maybelline,Fit Me,e4b38e,3.1863615614051053
brown (24).jpg,Maybelline,Fit Me,bd9584,8.065488205930253,Maybelline,Fit Me,b2856f,10.216266441317982,L'Oréal,Infalliable,d1a396,12.439135822073816
brown (25).jpg,L'Oréal,Infalliable,d1a396,3.3823069050575536,Make Up For Ever,Ultra HD,dca795,4.4988887516807985,Make Up For Ever,Ultra HD,c99980,4.983974317750843
brown (26).jpg,Make Up For Ever,Ultra HD,d9a586,2.0742468512691534,Make Up For Ever,Ultra HD,d4a689,2.0742468512691534,Make Up For Ever,Ultra HD,d8ab8b,3.194135250736888
brown (27).jpg,Make Up For Ever,Ultra HD,d79e89,2.6223844111800263,Make Up For Ever,Ultra HD,d69b81,3.2583584824263925,Make Up For Ever,Ultra HD,d9a586,3.660177591319852
brown (28).jpg,Make Up For Ever,Ultra HD,d4a689,1.728612160086811,MAC,Studio Fix,d1a88a,2.4470594598415443,Make Up For Ever,Ultra HD,d8ab8b,3.2875674898015377
brown (29).jpg,Make Up For Ever,Ultra HD,c99980,2.580096897405209,Maybelline,Fit Me,c7967d,3.3040732437402136,Make Up For Ever,Ultra HD,d79e89,3.4462878579712424
brown (3).jpg,MAC,Studio Fix,c39368,4.843511123141971,Make Up For Ever,Ultra HD,c7977b,5.017927859186498,Maybelline,Fit Me,c09578,5.33475397745763
brown (30).jpg,Make Up For Ever,Ultra HD,d9a586,2.30271578793389,L'Oréal,Infalliable,e5ad8b,3.3170016581243993,Maybelline,Fit Me,e4b38e,3.5920050111323647
brown (31).jpg,Maybelline,Fit Me,e4b38e,1.7944637081869292,L'Oréal,Infalliable,e5ad8b,2.289126470949125,Make Up For Ever,Ultra HD,e7b391,2.6833002068348546
brown (32).jpg,Make Up For Ever,Ultra HD,dca795,2.8476130355088625,Make Up For Ever,Ultra HD,d79e89,3.4769095472847704,Make Up For Ever,Ultra HD,d69b81,5.267722468012147
brown (33).jpg,L'Oréal,Infalliable,deb09e,2.1770622407271683,L'Oréal,True Match,dcb29a,2.1770622407271683,Maybelline,Fit Me Matte,e7b9a2,2.362117693934831
brown (34).jpg,L'Oréal,Infalliable,e5ad8b,3.2366803981857704,Maybelline,Fit Me Matte,efb793,4.467225089471093,L'Oréal,Infalliable,e7ad82,5.047385461800991
brown (35).jpg,Make Up For Ever,Ultra HD,daad90,2.0181427105138026,Make Up For Ever,Ultra HD,d4a689,2.234479805234322,Make Up For Ever,Ultra HD,e3b296,2.269999999999996
brown (36).jpg,Make Up For Ever,Ultra HD,e3b391,1.0469479452198192,Make Up For Ever,Ultra HD,e7b391,1.6480594649465796,Maybelline,Fit Me,e4b38e,2.2574543184746845
brown (37).jpg,L'Oréal,True Match,eabea1,1.0,L'Oréal,True Match,eebfa3,1.7320508075688772,Maybelline,Fit Me,eabda6,2.23606797749979
brown (38).jpg,Maybelline,Fit Me,84583f,3.0,Make Up For Ever,Ultra HD,8e5642,4.47213595499958,MAC,Studio Fix,724a32,5.830951894845301
brown (39).jpg,Make Up For Ever,Ultra HD,daad90,0.6700000000000017,MAC,Studio Fix,d1a88a,1.6640012019226416,Make Up For Ever,Ultra HD,d4a689,1.9413654988177769
brown (4).jpg,Maybelline,Fit Me,e2aa7b,2.470323865407127,L'Oréal,Infalliable,e7ad82,2.6462237244798508,NARS,Velvet Matte,e4aa7c,2.6650515942472874
brown (40).jpg,Make Up For Ever,Ultra HD,daad90,1.203702621082135,Make Up For Ever,Ultra HD,d4a689,1.6640012019226416,Make Up For Ever,Ultra HD,d8ab8b,2.2602875923209416
brown (41).jpg,MAC,Studio Fix,d4b588,2.8288690319631296,MAC,Studio Fix,d0ae84,2.8640006983239377,MAC,Studio Fix,d1ac7f,3.0335622624235032
brown (42).jpg,Maybelline,Fit Me,c7967d,2.6647513955339237,Make Up For Ever,Ultra HD,c7977b,3.1781913095344017,Maybelline,Fit Me,c09578,3.187616664531668
brown (43).jpg,NARS,Velvet Matte,dd9e6d,2.9933927239839426,NARS,Velvet Matte,dfa575,4.12800193798404,L'Oréal,Infalliable,da9e6b,4.578252941898253
brown (44).jpg,Maybelline,Fit Me,bd9584,3.0403289295732474,Make Up For Ever,Ultra HD,c99980,3.6060504710832877,Maybelline,Fit Me,c7967d,3.758137836748408
brown (45).jpg,Make Up For Ever,Ultra HD,d69b81,2.041592515660262,Make Up For Ever,Ultra HD,d19578,2.4099999999999966,L'Oréal,Infalliable,cf9c7d,4.02095759738896
brown (46).jpg,NARS,Velvet Matte,dd9e6d,6.0289385467095284,NARS,Velvet Matte,e4a36a,7.3476594912938085,L'Oréal,Infalliable,da9e6b,8.021726746779649
brown (47).jpg,L'Oréal,Infalliable,d49e6c,3.9518223644288493,L'Oréal,Infalliable,daa271,4.487415737370453,L'Oréal,Infalliable,da9e6b,5.184293587365594
brown (48).jpg,L'Oréal,Infalliable,e5ad8b,2.908539152220578,Maybelline,Fit Me Matte,efb793,2.929095423505353,Maybelline,Fit Me,f0b996,3.8183242397680166
brown (49).jpg,L'Oréal,Infalliable,e7ad82,2.483223711227,L'Oréal,Infalliable,e5ad8b,3.341616375348911,Maybelline,Fit Me Matte,efb793,3.6778254444712313
brown (5).jpg,Maybelline,Fit Me Matte,d69c74,7.042904230500368,L'Oréal,Infalliable,e7ad82,7.416367035145982,NARS,Velvet Matte,e4aa7c,7.4231058189951735
brown (50).jpg,Make Up For Ever,Ultra HD,d9a586,1.728612160086811,L'Oréal,Infalliable,cf9c7d,1.8783237207680712,Maybelline,Fit Me,d09e7c,2.743738325715485
brown (51).jpg,Make Up For Ever,Ultra HD,d69b81,1.829098138427786,Make Up For Ever,Ultra HD,d79e89,2.9437391188758535,Make Up For Ever,Ultra HD,d59682,3.166322788346128
brown (52).jpg,Maybelline,Fit Me Matte,e7b9a2,1.0239140588936162,Maybelline,Fit Me,eabda6,1.268227108999016,L'Oréal,True Match,eabea1,2.3682060721145026
brown (53).jpg,Maybelline,Fit Me Matte,e7b9a2,2.4334337878808183,Maybelline,Fit Me,eabda6,2.9734828064073238,Make Up For Ever,Ultra HD,e3b296,3.0268135059828225
brown (54).jpg,Make Up For Ever,Ultra HD,d19578,2.2808989455914093,L'Oréal,Infalliable,cf9c7d,2.7207535720825566,Make Up For Ever,Ultra HD,d69b81,2.7207535720825566
brown (55).jpg,L'Oréal,Infalliable,deb09e,1.2264175471673548,L'Oréal,True Match,dcb29a,2.3460818400047323,Make Up For Ever,Ultra HD,dcb59c,3.674792511149438
brown (56).jpg,Make Up For Ever,Ultra HD,e3b296,1.4866068747318464,Make Up For Ever,Ultra HD,daad90,2.410394158638792,L'Oréal,True Match,dcb29a,3.0347981810987013
brown (57).jpg,L'Oréal,Infalliable,d1a396,6.914477565225016,Maybelline,Fit Me,bd9584,7.071774883294857,Maybelline,Fit Me,c7967d,10.237675517420936
brown (58).jpg,Make Up For Ever,Ultra HD,d69b81,5.061314058621537,Make Up For Ever,Ultra HD,d19578,5.205468278646989,Maybelline,Fit Me Matte,d69c74,5.533254015495766
brown (59).jpg,L'Oréal,Infalliable,d1a396,2.9867038688159253,Maybelline,Fit Me,bd9584,4.2615020825995105,Make Up For Ever,Ultra HD,dca795,6.390649419268751
brown (6).jpg,MAC,Studio Fix,d0ae84,5.16774612379517,MAC,Studio Fix,d4b588,5.29769761311459,MAC,Studio Fix,d3b18a,6.638192525077893
brown (60).jpg,L'Oréal,Infalliable,e7ad82,2.2383029285599387,Maybelline,Fit Me,e4b38e,3.0347981810987013,L'Oréal,Infalliable,e5ad8b,3.1638584039112745
brown (61).jpg,Make Up For Ever,Ultra HD,c7977b,1.8400000000000034,Make Up For Ever,Ultra HD,c99980,2.3886397802933796,L'Oréal,Infalliable,cf9c7d,2.5190474390134043
brown (62).jpg,Maybelline,Fit Me,84583f,0.3500000000000014,Maybelline,Fit Me,7f5c3b,5.841446738608511,Make Up For Ever,Ultra HD,8e5642,6.092823647538143
brown (63).jpg,Make Up For Ever,Ultra HD,d19578,3.498013722100013,Make Up For Ever,Ultra HD,c7977b,3.585540405573474,Maybelline,Fit Me,c7967d,3.9819718733311005
brown (64).jpg,Maybelline,Fit Me,e3b082,2.054288197892395,NARS,Velvet Matte,e6b685,3.346655046460566,Maybelline,Fit Me,e8ba8c,3.6304407445928604
brown (65).jpg,Maybelline,Fit Me,c7967d,4.65447096886424,Make Up For Ever,Ultra HD,c99980,5.024350704319915,Maybelline,Fit Me,bd9584,5.107259539126635
brown (66).jpg,Make Up For Ever,Ultra HD,d79e89,4.344755459171438,L'Oréal,Infalliable,d1a396,5.061314058621537,Make Up For Ever,Ultra HD,dca795,5.205468278646989
brown (67).jpg,Make Up For Ever,Ultra HD,c7977b,1.4192955999368142,Maybelline,Fit Me,c09578,1.6656530250925587,L'Oréal,True Match,c29979,2.0035967658189113
brown (68).jpg,Make Up For Ever,Ultra HD,dca795,3.6206214936112833,Make Up For Ever,Ultra HD,d79e89,5.57574210307471,L'Oréal,Infalliable,d1a396,5.8676145067650785
brown (69).jpg,Maybelline,Fit Me,bd9584,1.2149485585818014,Maybelline,Fit Me,c7967d,5.277887835109798,Make Up For Ever,Ultra HD,c99980,5.677684387142349
brown (7).jpg,Make Up For Ever,Ultra HD,e7b391,0.5300000000000011,Maybelline,Fit Me,e4b38e,1.4902684321960251,Make Up For Ever,Ultra HD,e3b391,1.4902684321960251
brown (70).jpg,Make Up For Ever,Ultra HD,e3b296,2.8568514137070595,Maybelline,Fit Me,e2b597,4.132989232988638,L'Oréal,True Match,eebfa3,4.214451328464948
brown (71).jpg,L'Oréal,Infalliable,e7ad82,7.312735466294401,L'Oréal,Infalliable,e5ad8b,7.6469667189023385,Maybelline,Fit Me Matte,efb793,7.997255779328308
brown (72).jpg,Make Up For Ever,Ultra HD,e3b296,2.1770622407271683,L'Oréal,True Match,dcb29a,2.3957462303006967,Maybelline,Fit Me Matte,e7b9a2,2.5650730983736123
brown (73).jpg,L'Oréal,Infalliable,e5ad8b,3.6386948209488517,Make Up For Ever,Ultra HD,e3b296,4.384073448289842,Make Up For Ever,Ultra HD,d9a586,4.3931879085693595
brown (74).jpg,L'Oréal,Infalliable,e5ad8b,3.8937000398078943,Maybelline,Fit Me Matte,efb793,4.939726713088489,Maybelline,Fit Me,f0b996,5.138180611850853
brown (75).jpg,Make Up For Ever,Ultra HD,daad90,1.345362404707375,Make Up For Ever,Ultra HD,e3b296,1.4866068747318464,Make Up For Ever,Ultra HD,ddb395,2.2825424421026628
brown (76).jpg,Make Up For Ever,Ultra HD,d4a689,2.42561332450166,Make Up For Ever,Ultra HD,d9a586,3.143819333231475,Make Up For Ever,Ultra HD,daad90,3.1817605189580194
brown (77).jpg,L'Oréal,Infalliable,e7ad82,2.2547948908936273,L'Oréal,Infalliable,e5ad8b,3.175547196941025,NARS,Velvet Matte,e4aa7c,4.320196754778654
brown (78).jpg,Make Up For Ever,Ultra HD,d4a689,1.1819052415485745,Make Up For Ever,Ultra HD,d9a586,2.3231228981696157,Make Up For Ever,Ultra HD,d8ab8b,2.7671104061818683
brown (79).jpg,Make Up For Ever,Ultra HD,d19578,2.7586228448267485,Make Up For Ever,Ultra HD,c78569,4.428317965096902,Make Up For Ever,Ultra HD,c98567,5.158488150611569
brown (8).jpg,Make Up For Ever,Ultra HD,d79e89,2.3125959439556243,Make Up For Ever,Ultra HD,dca795,3.5900000000000034,Make Up For Ever,Ultra HD,c99980,4.336830639995062
brown (80).jpg,Make Up For Ever,Ultra HD,dca795,2.000899797591074,Make Up For Ever,Ultra HD,d79e89,3.1054146261006736,Make Up For Ever,Ultra HD,e3b296,4.7290168111352715
brown (81).jpg,L'Oréal,Infalliable,deb09e,1.3189389675038035,L'Oréal,True Match,dcb29a,2.3957462303006967,Maybelline,Fit Me Matte,e7b9a2,2.5650730983736123
brown (82).jpg,L'Oréal,Infalliable,e5ad8b,7.359782605485028,Maybelline,Fit Me Matte,efb793,8.15637174238644,Make Up For Ever,Ultra HD,d69b81,8.193070242589158
brown (83).jpg,Maybelline,Fit Me,f0b996,3.213238242023145,Make Up For Ever,Ultra HD,e3b296,3.302256804065976,Make Up For Ever,Ultra HD,e7b391,3.8787755799994437
brown (84).jpg,Make Up For Ever,Ultra HD,784a42,5.0,Make Up For Ever,Ultra HD,895852,5.385164807134504,Make Up For Ever,Ultra HD,8e5642,6.164414002968976
brown (85).jpg,Make Up For Ever,Ultra HD,c98567,3.1625306322627136,Make Up For Ever,Ultra HD,c78569,5.38531336135605,L'Oréal,True Match,b07555,8.569807465748575
brown (86).jpg,Make Up For Ever,Ultra HD,d69b81,3.9399999999999977,Make Up For Ever,Ultra HD,d79e89,4.317823525805563,Make Up For Ever,Ultra HD,d9a586,4.569857765839107
brown (87).jpg,L'Oréal,Infalliable,e5ad8b,3.774069421725044,Make Up For Ever,Ultra HD,d9a586,4.108965806623364,Make Up For Ever,Ultra HD,d69b81,4.4185517989495136
brown (88).jpg,Make Up For Ever,Ultra HD,e7b391,1.4211263138792414,Make Up For Ever,Ultra HD,e3b391,2.1770622407271683,L'Oréal,Infalliable,e5ad8b,2.3365786954434036
brown (89).jpg,L'Oréal,Infalliable,d1a396,3.690108399491812,Maybelline,Fit Me,bd9584,3.7652224369882807,Make Up For Ever,Ultra HD,c99980,5.626446480683877
brown (9).jpg,MAC,Studio Fix,c39368,2.5715559492260693,Maybelline,Fit Me Matte,d69c74,3.931017679939893,L'Oréal,Infalliable,d49e6c,4.177666812947153
brown (90).jpg,L'Oréal,Infalliable,d1a396,3.7875585804050598,L'Oréal,Infalliable,deb09e,3.9680725799813725,Make Up For Ever,Ultra HD,dca795,4.207802276723563
brown (91).jpg,Maybelline,Fit Me,bd9584,5.6570752160458335,Maybelline,Fit Me,c1a07e,8.018883962248113,L'Oréal,Infalliable,d1a396,8.809228116015612
brown (92).jpg,Make Up For Ever,Ultra HD,dca795,1.5915087181665095,Make Up For Ever,Ultra HD,d79e89,3.8617224136387676,L'Oréal,Infalliable,deb09e,5.015266692809066
brown (93).jpg,L'Oréal,Infalliable,e5ad8b,4.600695599580567,Maybelline,Fit Me Matte,efb793,5.790198614900875,Maybelline,Fit Me,f0b996,6.125879528688106
brown (94).jpg,Maybelline,Fit Me Matte,ebba8a,1.7123375835389474,Maybelline,Fit Me Matte,ebba8a,1.7123375835389474,NARS,Velvet Matte,ecb98c,2.6328881480230035
brown (95).jpg,Make Up For Ever,Ultra HD,dca795,5.657172438595097,L'Oréal,Infalliable,d1a396,6.305838564378253,Make Up For Ever,Ultra HD,d79e89,7.324179134892864
brown (96).jpg,Make Up For Ever,Ultra HD,dca795,2.068840254828781,L'Oréal,Infalliable,deb09e,2.4940128307608975,L'Oréal,True Match,dcb29a,4.713820106877222
brown (97).jpg,Make Up For Ever,Ultra HD,c99980,3.1628468189275307,Maybelline,Fit Me,c7967d,3.3352061405556337,Maybelline,Fit Me,c09578,3.6391757308489527
brown (98).jpg,Make Up For Ever,Ultra HD,dca795,3.3547578154018827,L'Oréal,Infalliable,deb09e,3.396233207540375,L'Oréal,Infalliable,d1a396,3.425551050561067
brown (99).jpg,Make Up For Ever,Ultra HD,dca795,6.6510224777849,Make Up For Ever,Ultra HD,d79e89,7.640425380827953,Make Up For Ever,Ultra HD,d59682,8.193662184884117
white (1).jpg,L'Oréal,True Match,e7cbb5,2.1731313812100774,Maybelline,Fit Me,edcfb9,2.8324018076537145,L'Oréal,True Match,eecfba,2.8324018076537145
white (10).jpg,L'Oréal,True Match,e8c7b8,7.435616988522204,MAC,Studio Fix,e5d1be,7.70768447719547,L'Oréal,True Match,e9c4b1,9.04037609837113
white (100).jpg,Maybelline,Fit Me,e1bba7,1.6800297616411397,L'Oréal,Infalliable,deb09e,2.778938646318054,L'Oréal,True Match,dcb29a,3.423813663154001
white (101).jpg,L'Oréal,Infalliable,deb09e,1.4899999999999949,L'Oréal,True Match,dcb29a,3.1968891128720722,Make Up For Ever,Ultra HD,dca795,3.504297361811639
white (102).jpg,L'Oréal,True Match,e8c7b8,3.4228789052492066,MAC,Studio Fix,e5d1be,5.047385461800991,L'Oréal,True Match,eecfba,5.047385461800991
white (103).jpg,L'Oréal,True Match,e8c7b8,2.254240448576862,L'Oréal,True Match,e9c4b1,3.60577314871582,L'Oréal,True Match,e7cbb5,3.7631901360414974
white (104).jpg,Make Up For Ever,Ultra HD,e3b296,3.036593486128823,L'Oréal,Infalliable,e5ad8b,4.37731652956466,Make Up For Ever,Ultra HD,e3b391,5.0220414175910575
white (105).jpg,Make Up For Ever,Ultra HD,e1c2a8,2.7321969182326478,MAC,Studio Fix,dcbca2,3.191379012276669,MAC,Studio Fix,dbbc9f,3.6311017611738734
white (106).jpg,Maybelline,Fit Me,e2b597,1.1926860441876594,Make Up For Ever,Ultra HD,ddb395,1.6500000000000057,L'Oréal,True Match,ddb496,1.6500000000000057
white (107).jpg,MAC,Studio Fix,dcbca2,5.967411499134274,Maybelline,Fit Me,e1bba7,6.46606526413088,Make Up For Ever,Ultra HD,dcb59c,6.797793759742935
white (108).jpg,L'Oréal,True Match,e8c7b8,5.440735244431577,Maybelline,Fit Me,e1bba7,5.737734744653153,L'Oréal,True Match,e9c4b1,5.803585098884994
white (109).jpg,MAC,Studio Fix,dcbca2,3.000266654815868,Maybelline,Fit Me,e1bba7,3.304784410517574,Make Up For Ever,Ultra HD,e1c2a8,3.7204300826651715
white (11).jpg,L'Oréal,True Match,e8c7b8,4.5069280003124055,L'Oréal,True Match,e9c4b1,6.3774916699279185,MAC,Studio Fix,e5d1be,6.825862582853536
white (110).jpg,L'Oréal,Infalliable,deb09e,1.447791421441639,L'Oréal,True Match,dcb29a,1.447791421441639,Make Up For Ever,Ultra HD,dcb59c,3.1774360733144578
white (111).jpg,L'Oréal,Infalliable,d1a396,5.414803782225173,L'Oréal,Infalliable,deb09e,7.156821920377786,Maybelline,Fit Me,e1bba7,8.072180622359733
white (112).jpg,Make Up For Ever,Ultra HD,dca795,2.068840254828781,L'Oréal,Infalliable,deb09e,4.2685009078129506,Make Up For Ever,Ultra HD,d79e89,5.416650256385402
white (113).jpg,Make Up For Ever,Ultra HD,dcb59c,1.8799999999999955,L'Oréal,True Match,dcb29a,2.744886154287639,Maybelline,Fit Me Matte,dcb297,2.9213695418416314
white (114).jpg,Maybelline,Fit Me,e1bba7,2.2468644818947134,Make Up For Ever,Ultra HD,eac1ac,2.273411533356863,MAC,Studio Fix,dcbca2,2.342733446211924
white (115).jpg,L'Oréal,Infalliable,d1a396,1.6054905792311607,Make Up For Ever,Ultra HD,dca795,3.396704285038659,L'Oréal,Infalliable,deb09e,5.096822539582868
white (116).jpg,Maybelline,Fit Me,e2b597,0.6500000000000057,Make Up For Ever,Ultra HD,ddb395,1.9293781381574786,L'Oréal,True Match,ddb496,1.9293781381574786
white (117).jpg,L'Oréal,Infalliable,deb09e,1.003194896318756,L'Oréal,True Match,dcb29a,3.60643868657156,Make Up For Ever,Ultra HD,dca795,3.8061003665168878
white (118).jpg,MAC,Studio Fix,dcbca2,2.14291857054812,Make Up For Ever,Ultra HD,e1c2a8,2.2698237817064126,Maybelline,Fit Me,e1bba7,2.3177791094062434
white (119).jpg,L'Oréal,Infalliable,deb09e,6.382758024553335,Make Up For Ever,Ultra HD,f7bcb7,6.589355051899997,L'Oréal,Infalliable,d1a396,6.658798690454607
white (12).jpg,L'Oréal,Infalliable,deb09e,3.147205109299366,Maybelline,Fit Me,e1bba7,3.213238242023145,Maybelline,Fit Me Matte,e7b9a2,4.162319065136645
white (120).jpg,Make Up For Ever,Ultra HD,d59682,4.516292727448033,Make Up For Ever,Ultra HD,d79e89,7.202562044161787,Make Up For Ever,Ultra HD,d69b81,7.220588618665379
white (121).jpg,Make Up For Ever,Ultra HD,e1c2a8,4.141509386685004,MAC,Studio Fix,e0c8ae,4.325748490145954,L'Oréal,True Match,e8c7b8,4.635957290571172
white (122).jpg,MAC,Studio Fix,d1a88a,2.234479805234322,Make Up For Ever,Ultra HD,daad90,2.2523099253877112,Maybelline,Fit Me Matte,dcb297,2.480503981049009
white (123).jpg,L'Oréal,Infalliable,deb09e,2.054288197892395,L'Oréal,True Match,dcb29a,3.4957259617996352,Make Up For Ever,Ultra HD,dcb59c,4.496676550520394
white (124).jpg,Make Up For Ever,Ultra HD,e3b296,3.02537600968871,Make Up For Ever,Ultra HD,d9a586,3.604566548144175,Make Up For Ever,Ultra HD,d4a689,3.604566548144175
white (125).jpg,MAC,Studio Fix,d8b593,1.4902684321960251,MAC,Studio Fix,d9b28d,1.7778920102188425,MAC,Studio Fix,d5b293,2.6759857996633682
white (13).jpg,Maybelline,Fit Me,e1bba7,1.0239140588936162,Make Up For Ever,Ultra HD,eac1ac,2.273411533356863,Maybelline,Fit Me Matte,e7b9a2,3.169921134665656
white (14).jpg,Make Up For Ever,Ultra HD,dca795,1.8111046352985836,L'Oréal,Infalliable,deb09e,3.349641771891434,L'Oréal,Infalliable,d1a396,5.031908186761761
white (15).jpg,Maybelline,Fit Me,edcfb9,1.1135977729862767,Make Up For Ever,Ultra HD,efd2b8,1.5033628969746478,Make Up For Ever,Ultra HD,ebcab0,2.054288197892395
white (16).jpg,Make Up For Ever,Ultra HD,d9a586,1.1412712210513314,Make Up For Ever,Ultra HD,d4a689,2.30271578793389,Make Up For Ever,Ultra HD,d8ab8b,3.0335622624235032
white (17).jpg,L'Oréal,True Match,f0c7b3,1.3100000000000023,Make Up For Ever,Ultra HD,f2ccb7,2.115679559857777,L'Oréal,True Match,f0cbb9,2.2574543184746845
white (18).jpg,Maybelline,Fit Me,eabda6,1.268227108999016,Maybelline,Fit Me Matte,e7b9a2,2.0416659863944453,Make Up For Ever,Ultra HD,eac1ac,2.2468644818947134
white (19).jpg,L'Oréal,True Match,e8c7b8,5.295743573852497,MAC,Studio Fix,e5d1be,7.263945209044466,L'Oréal,True Match,e9c4b1,7.2927978170246845
white (2).jpg,MAC,Studio Fix,e5d1be,6.000833275470999,Make Up For Ever,Ultra HD,f9e3d5,8.038034585643437,L'Oréal,True Match,e8c7b8,8.087644898238297
white (20).jpg,L'Oréal,Infalliable,f3c6a2,2.254240448576862,Make Up For Ever,Ultra HD,e8c6a3,2.828709953317943,Make Up For Ever,Ultra HD,e4bd9c,3.572338169882572
white (21).jpg,MAC,Studio Fix,dbbc9f,2.358495283014151,Maybelline,Fit Me Matte,dcb297,2.358495283014151,MAC,Studio Fix,d8b593,2.5617376914898995
white (22).jpg,L'Oréal,Infalliable,deb09e,2.0015993605114883,Maybelline,Fit Me,e1bba7,4.3042304771004085,L'Oréal,True Match,dcb29a,4.472851439518196
white (23).jpg,MAC,Studio Fix,e5d1be,6.712860791048776,L'Oréal,True Match,e8c7b8,6.712860791048776,L'Oréal,True Match,eecfba,8.54766049863938
white (24).jpg,L'Oréal,True Match,e8c7b8,4.234194138203868,L'Oréal,True Match,e9c4b1,5.242938107588149,L'Oréal,True Match,f0cbb9,6.030621858481926
white (25).jpg,Make Up For Ever,Ultra HD,e8c6a3,3.5129617134264364,MAC,Studio Fix,dfc7a8,4.282627698037737,MAC,Studio Fix,e0c1a2,5.045879507082983
white (26).jpg,Maybelline,Fit Me,bd9584,3.200249990235137,Maybelline,Fit Me,b2856f,5.075588635813585,Maybelline,Fit Me,c7967d,6.732131906016102
white (27).jpg,MAC,Studio Fix,e0c8ae,2.358495283014151,MAC,Studio Fix,e5d1be,3.17214438511238,Make Up For Ever,Ultra HD,deccaf,3.17214438511238
white (28).jpg,L'Oréal,Infalliable,d1a396,3.276339420756041,L'Oréal,Infalliable,deb09e,4.066251344912164,Make Up For Ever,Ultra HD,dca795,4.272516822670218
white (29).jpg,Make Up For Ever,Ultra HD,daad90,0.9000000000000057,Make Up For Ever,Ultra HD,ddb395,1.4866068747318464,L'Oréal,True Match,ddb496,1.4866068747318464
white (3).jpg,L'Oréal,True Match,e9c4b1,3.0,Maybelline,Fit Me,e1bba7,3.1622776601683795,L'Oréal,True Match,e8c7b8,3.605551275463989
white (30).jpg,L'Oréal,Infalliable,d1a396,7.467502929359987,Maybelline,Fit Me,e1bba7,8.75920087679236,L'Oréal,Infalliable,deb09e,9.130366914861638
white (31).jpg,L'Oréal,Infalliable,fcd6c7,5.723949685313454,L'Oréal,True Match,e8c7b8,6.440776350720464,Make Up For Ever,Ultra HD,f9e3d5,7.0287694513335675
white (32).jpg,MAC,Studio Fix,e5d1be,7.006004567512071,L'Oréal,True Match,e8c7b8,8.770638517234648,Make Up For Ever,Ultra HD,f9e3d5,8.896296982452872
white (33).jpg,Make Up For Ever,Ultra HD,dcb59c,2.1294130646729825,L'Oréal,True Match,dcb29a,2.1294130646729825,Maybelline,Fit Me Matte,dcb297,2.744886154287639
white (34).jpg,Make Up For Ever,Ultra HD,eac1ac,1.3499999999999943,L'Oréal,True Match,f0c7b3,1.5564382416273403,L'Oréal,True Match,e9c4b1,2.2632940595512543
white (35).jpg,Maybelline,Fit Me,f3b584,1.0594810050208527,Maybelline,Fit Me,eab181,2.1731313812100774,Maybelline,Fit Me Matte,f3b27d,2.849999999999999
white (36).jpg,L'Oréal,Infalliable,deb09e,3.02537600968871,L'Oréal,True Match,dcb29a,3.02537600968871,Make Up For Ever,Ultra HD,dcb59c,3.626692708239834
white (37).jpg,Make Up For Ever,Ultra HD,f7c3b3,2.6542230501598807,Maybelline,Fit Me,eabda6,2.7321969182326478,Maybelline,Fit Me Matte,e7b9a2,3.406596542004933
white (38).jpg,L'Oréal,True Match,e8c7b8,1.4211263138792414,L'Oréal,True Match,f0cbb9,3.120833222073874,L'Oréal,True Match,e9c4b1,3.20929898887592
white (39).jpg,L'Oréal,True Match,e8c7b8,5.196152422706632,MAC,Studio Fix,e5d1be,6.164414002968976,L'Oréal,True Match,e9c4b1,6.708203932499369
white (4).jpg,Maybelline,Fit Me,e1bba7,1.4142135623730951,Make Up For Ever,Ultra HD,eac1ac,2.23606797749979,L'Oréal,True Match,e9c4b1,2.23606797749979
white (40).jpg,NARS,Velvet Matte,ecb98c,2.4334337878808183,Maybelline,Fit Me Matte,efb793,3.304784410517574,L'Oréal,Infalliable,e7ad82,3.352849534351346
white (41).jpg,L'Oréal,True Match,e8c7b8,1.6480594649465796,L'Oréal,True Match,f0cbb9,3.1774360733144578,L'Oréal,True Match,eecfba,3.2366803981857704
white (42).jpg,Make Up For Ever,Ultra HD,dca795,3.0180954259267545,Make Up For Ever,Ultra HD,d79e89,3.617858482583307,Make Up For Ever,Ultra HD,e3b296,4.138707527719252
white (43).jpg,Make Up For Ever,Ultra HD,dca795,1.238103388251565,L'Oréal,Infalliable,deb09e,3.7620340243012134,L'Oréal,Infalliable,d1a396,4.522488253163298
white (44).jpg,L'Oréal,True Match,e8c7b8,8.92417503190071,Maybelline,Fit Me,e1bba7,9.818395999347349,L'Oréal,True Match,e9c4b1,9.928791467243132
white (45).jpg,Make Up For Ever,Ultra HD,dca795,2.8290634492708007,L'Oréal,Infalliable,d1a396,4.8747923032679035,Make Up For Ever,Ultra HD,d79e89,5.0639510266194305
white (46).jpg,L'Oréal,Infalliable,d1a396,3.9246018906380797,L'Oréal,Infalliable,deb09e,4.1112650121343455,L'Oréal,True Match,dcb29a,4.571925196238453
white (47).jpg,L'Oréal,True Match,e8c7b8,1.5564382416273403,L'Oréal,True Match,e9c4b1,3.0203476621077905,L'Oréal,True Match,f0cbb9,3.423813663154001
white (48).jpg,Make Up For Ever,Ultra HD,ebcab0,2.271915491386074,Make Up For Ever,Ultra HD,e1c2a8,2.416940214403322,Maybelline,Fit Me,f3cfb3,3.2002499902351436
white (49).jpg,MAC,Studio Fix,d5b293,2.0209156340629373,Make Up For Ever,Ultra HD,dcb59c,2.3460818400047323,MAC,Studio Fix,dbbc9f,2.888615585362643
white (5).jpg,Maybelline,Fit Me,eabda6,1.5467385040788297,Make Up For Ever,Ultra HD,eac1ac,2.2433011389467983,Maybelline,Fit Me Matte,e7b9a2,2.398416144041736
white (50).jpg,L'Oréal,Infalliable,d1a396,8.66002886831216,Maybelline,Fit Me,e1bba7,9.795718452466875,L'Oréal,Infalliable,deb09e,10.054655638061405
white (51).jpg,Make Up For Ever,Ultra HD,dca795,3.1794496379090513,Make Up For Ever,Ultra HD,e3b296,3.4826570316354735,Make Up For Ever,Ultra HD,d4a689,3.8430326566398048
white (52).jpg,Make Up For Ever,Ultra HD,eac1ac,1.3862178760930721,L'Oréal,True Match,f0c7b3,2.466090022687739,Maybelline,Fit Me,eabda6,2.9734828064073238
white (53).jpg,L'Oréal,True Match,e8c7b8,6.040869142764144,MAC,Studio Fix,e5d1be,7.0037204398805075,L'Oréal,True Match,e9c4b1,7.596848030597954
white (54).jpg,Make Up For Ever,Ultra HD,e1c2a8,1.0733592129385205,MAC,Studio Fix,e0c1a2,2.2698237817064126,MAC,Studio Fix,dbbc9f,2.5907720856918317
white (55).jpg,L'Oréal,True Match,e8c7b8,5.88231247044901,L'Oréal,True Match,e9c4b1,6.684429669014399,Maybelline,Fit Me,e1bba7,6.776547793677839
white (56).jpg,L'Oréal,True Match,e8c7b8,6.972983579501671,Maybelline,Fit Me,e1bba7,7.128990110808121,L'Oréal,True Match,e9c4b1,7.4781347941849745
white (57).jpg,MAC,Studio Fix,dabc96,2.567508519946915,MAC,Studio Fix,d9b88f,2.7950134167835397,Make Up For Ever,Ultra HD,e8c6a3,4.325748490145954
white (58).jpg,L'Oréal,True Match,e9c4b1,1.0594810050208527,L'Oréal,True Match,f0c7b3,1.5564382416273403,L'Oréal,True Match,f0cbb9,1.9293781381574786
white (59).jpg,Make Up For Ever,Ultra HD,e3b296,2.3525305524052142,Make Up For Ever,Ultra HD,daad90,3.1645536810109576,Make Up For Ever,Ultra HD,d4a689,3.534741857618463
white (6).jpg,Make Up For Ever,Ultra HD,d8ab8b,2.3522117251642136,Maybelline,Fit Me,e4b38e,2.480503981049009,Make Up For Ever,Ultra HD,e3b391,2.480503981049009
white (60).jpg,Maybelline,Fit Me,bd9584,7.968538134438459,Maybelline,Fit Me,c1a07e,9.222667726856475,L'Oréal,Infalliable,d1a396,10.373890302099788
white (61).jpg,Maybelline,Fit Me,e1bba7,1.0239140588936162,Make Up For Ever,Ultra HD,eac1ac,2.273411533356863,Maybelline,Fit Me Matte,e7b9a2,3.169921134665656
white (62).jpg,Make Up For Ever,Ultra HD,eac1ac,1.4256226709757398,Maybelline,Fit Me,eabda6,1.8418468991748518,Maybelline,Fit Me Matte,e7b9a2,2.5985380505199513
white (63).jpg,Maybelline,Fit Me,eabda6,1.4142135623730951,Maybelline,Fit Me Matte,e7b9a2,1.7320508075688772,Make Up For Ever,Ultra HD,eac1ac,3.3166247903554
white (64).jpg,L'Oréal,True Match,e8c7b8,5.916079783099616,L'Oréal,True Match,e9c4b1,7.54983443527075,MAC,Studio Fix,e5d1be,8.12403840463596
white (65).jpg,Make Up For Ever,Ultra HD,e3b296,1.8874586088176875,Make Up For Ever,Ultra HD,e3b391,3.092329219213245,Maybelline,Fit Me,e2b597,3.17214438511238
white (66).jpg,L'Oréal,True Match,e8c7b8,2.240446384094027,L'Oréal,True Match,f0cbb9,4.09140562643207,L'Oréal,True Match,e9c4b1,4.159278783635451
white (67).jpg,Maybelline,Fit Me,e1bba7,2.6575364531836625,L'Oréal,Infalliable,deb09e,4.422951503238533,Make Up For Ever,Ultra HD,eac1ac,4.802343178074636
white (68).jpg,Make Up For Ever,Ultra HD,e3b296,3.336000599520331,Make Up For Ever,Ultra HD,d9a586,3.4305830408255673,Make Up For Ever,Ultra HD,d4a689,3.4305830408255673
white (69).jpg,MAC,Studio Fix,dcbca2,5.920675637121152,Make Up For Ever,Ultra HD,dcb59c,6.673409922970413,Make Up For Ever,Ultra HD,e1c2a8,7.181531870012132
white (7).jpg,L'Oréal,True Match,e8c7b8,4.5069280003124055,L'Oréal,True Match,e9c4b1,6.055774104109234,L'Oréal,True Match,f0cbb9,6.629660624798222
white (70).jpg,Make Up For Ever,Ultra HD,dcb59c,2.271915491386074,Maybelline,Fit Me Matte,dcb297,2.482257037456038,MAC,Studio Fix,dcbca2,2.828709953317943
white (71).jpg,L'Oréal,True Match,e8c7b8,4.69041575982343,L'Oréal,True Match,e9c4b1,4.898979485566356,Maybelline,Fit Me,e1bba7,5.196152422706632
white (72).jpg,L'Oréal,Infalliable,deb09e,4.1238816665855,L'Oréal,Infalliable,d1a396,5.177489739246229,Maybelline,Fit Me,e1bba7,5.790198614900875
white (73).jpg,MAC,Studio Fix,e5d1be,1.041201229350025,L'Oréal,True Match,e7cbb5,4.5281453156894145,Maybelline,Fit Me,edcfb9,5.008402939061513
white (74).jpg,Maybelline,Fit Me,eabda6,2.9734828064073238,L'Oréal,True Match,eabea1,2.9734828064073238,L'Oréal,True Match,eebfa3,2.986904752415113
white (75).jpg,Maybelline,Fit Me Matte,d69c74,4.5431266766402185,Make Up For Ever,Ultra HD,d19578,4.565084884205329,Make Up For Ever,Ultra HD,d69b81,5.444263035526479
white (76).jpg,NARS,Velvet Matte,f6d0a1,4.012592678057417,NARS,Velvet Matte,fad8a7,4.998089635050575,Maybelline,Fit Me Matte,ebbf93,6.120531022713634
white (77).jpg,L'Oréal,Infalliable,deb09e,4.000799920015996,Maybelline,Fit Me,e1bba7,5.150378626858418,L'Oréal,Infalliable,d1a396,5.2731774102527575
white (78).jpg,Maybelline,Fit Me Matte,e7b9a2,1.7092688495377162,Maybelline,Fit Me,e2b597,2.254240448576862,L'Oréal,True Match,dcb29a,2.271915491386074
white (79).jpg,Maybelline,Fit Me,f3cfb3,1.1135977729862767,Maybelline,Fit Me Matte,f9d0b0,2.2934907891683376,Make Up For Ever,Ultra HD,ebcab0,3.349641771891434
white (8).jpg,L'Oréal,Infalliable,d1a396,5.782732917920385,Maybelline,Fit Me,bd9584,7.748548251124205,L'Oréal,Infalliable,deb09e,9.820386957752735
white (80).jpg,L'Oréal,True Match,e8c7b8,7.646724789084543,MAC,Studio Fix,e5d1be,8.012015976020022,L'Oréal,True Match,e9c4b1,9.17128126272442
white (81).jpg,L'Oréal,Infalliable,d1a396,3.7875585804050598,L'Oréal,Infalliable,deb09e,4.443602142406544,L'Oréal,True Match,dcb29a,4.8729457210192715
white (82).jpg,Make Up For Ever,Ultra HD,efd2b8,2.2934907891683376,Maybelline,Fit Me,f3cfb3,3.0397532794620017,MAC,Studio Fix,dfc7a8,3.6304407445928604
white (83).jpg,L'Oréal,Infalliable,d1a396,8.07527089328897,Maybelline,Fit Me,e1bba7,8.173738434767774,L'Oréal,Infalliable,deb09e,9.011659114724656
white (84).jpg,Maybelline,Fit Me,bd9584,7.631520163112982,L'Oréal,Infalliable,d1a396,9.558247747364579,Maybelline,Fit Me,c7967d,13.426097720484535
white (85).jpg,L'Oréal,Infalliable,deb09e,1.4164744967700618,L'Oréal,True Match,dcb29a,3.163289427162807,Make Up For Ever,Ultra HD,dca795,3.6723834222477354
white (86).jpg,L'Oréal,Infalliable,deb09e,2.1731313812100774,Maybelline,Fit Me,e1bba7,2.4129857024027275,Maybelline,Fit Me Matte,e7b9a2,3.289756829919194
white (87).jpg,L'Oréal,True Match,dcb29a,1.003194896318756,Maybelline,Fit Me Matte,dcb297,1.4164744967700618,Maybelline,Fit Me,e2b597,2.2014540649307226
white (88).jpg,L'Oréal,True Match,e8c7b8,9.622972513729836,MAC,Studio Fix,e5d1be,11.020054446326474,L'Oréal,True Match,e9c4b1,11.166091527477283
white (89).jpg,L'Oréal,True Match,e8c7b8,9.90265116016918,MAC,Studio Fix,e5d1be,10.491067629178643,L'Oréal,True Match,e9c4b1,11.338540470448567
white (9).jpg,Maybelline,Fit Me,e1bba7,3.473110997362451,L'Oréal,Infalliable,deb09e,5.153882032022076,L'Oréal,True Match,e9c4b1,5.25
white (90).jpg,MAC,Studio Fix,e0c8ae,2.3816800792717707,Make Up For Ever,Ultra HD,deccaf,3.648616176031671,L'Oréal,True Match,e7cbb5,4.237027259765974
white (91).jpg,MAC,Studio Fix,dcbca2,4.397829009863845,Maybelline,Fit Me,e1bba7,5.138180611850853,Make Up For Ever,Ultra HD,e1c2a8,5.334875818610964
white (92).jpg,MAC,Studio Fix,d8b593,1.6551737068960464,MAC,Studio Fix,d5b293,2.11177650332605,Make Up For Ever,Ultra HD,ddb395,2.1770622407271683
white (93).jpg,Make Up For Ever,Ultra HD,dcb59c,1.7944637081869292,L'Oréal,True Match,dcb29a,2.687024376517635,Maybelline,Fit Me Matte,dcb297,3.4957259617996352
white (94).jpg,L'Oréal,Infalliable,d1a396,2.0982135258357264,L'Oréal,Infalliable,deb09e,5.282281703960895,Make Up For Ever,Ultra HD,dca795,5.848290348469371
white (95).jpg,L'Oréal,True Match,e8c7b8,4.928326287899373,L'Oréal,True Match,e9c4b1,6.0603960266636046,Maybelline,Fit Me,e1bba7,6.711810486001523
white (96).jpg,Maybelline,Fit Me,bd9584,3.4735572544583198,L'Oréal,Infalliable,d1a396,3.871123867819264,Make Up For Ever,Ultra HD,c99980,5.16774612379517
white (97).jpg,Make Up For Ever,Ultra HD,dcb59c,4.1112650121343455,L'Oréal,True Match,dcb29a,4.990240475167506,MAC,Studio Fix,d1a88a,5.413178363955875
white (98).jpg,MAC,Studio Fix,e5d1be,5.385164807134504,L'Oréal,True Match,e8c7b8,6.164414002968976,MAC,Studio Fix,e0c8ae,6.324555320336759
white (99).jpg,Maybelline,Fit Me Matte,e7b9a2,3.169921134665656,Maybelline,Fit Me,eabda6,3.257053883496557,L'Oréal,Infalliable,deb09e,3.9202550937407112
